{
  "drive": {
    "p": 0.20645,
    "i": 0.01,
    "d": 0.01,
    "f": 0.01,
    "iz": 0.01
  },
  "angle": {
    "p": 0.20645,
    "i": 0.01,
    "d": 0.01,
    "f": 0.01,
    "iz": 0.01
  }
}